{"static_variables": {}, "encoder_variables": {"humid": 0.055666305124759674, "precip": 0.10468880832195282, "temp": 0.02827318012714386, "sin_temp": 0.03913891315460205, "lai": 0.01323420275002718, "day_sin": 0.05383490398526192, "day_cos": 0.02119685523211956, "gwl": 0.6839668154716492}, "decoder_variables": {"humid": 0.1876453012228012, "precip": 0.11633065342903137, "temp": 0.13732010126113892, "sin_temp": 0.1360541135072708, "lai": 0.024334991350769997, "day_sin": 0.046815380454063416, "day_cos": 0.3514994978904724}}