{"static_variables": {"gwl_center": 0.48467695713043213, "gwl_scale": 0.5153230428695679}, "encoder_variables": {"humid": 0.024325435981154442, "precip": 0.03853650763630867, "temp": 0.025155818089842796, "sin_temp": 0.029946913942694664, "lai": 0.03522634506225586, "day_sin": 0.03801032900810242, "day_cos": 0.01572294346988201, "gwl": 0.793075680732727}, "decoder_variables": {"humid": 0.08946442604064941, "precip": 0.13806484639644623, "temp": 0.08221261203289032, "sin_temp": 0.13152700662612915, "lai": 0.18454208970069885, "day_sin": 0.35637351870536804, "day_cos": 0.017815550789237022}}